Comment,Description,Designator,Footprint,LibRef,Quantity

"100uF, 10V, VS D","Polarized Capacitor (Surface Mount)","C10, C11","ALCAP_D","Cap Pol3","2"
"0.1uF, 25V, X5R","Capacitor (Semiconductor SIM Model)","C14, C18","CAPC1608N","Cap Semi","2"
"10uF, 10V, X5R, 20%","Capacitor (Semiconductor SIM Model)","C15, C16","CAPC1608N","Cap Semi","2"
"1.0uF, 25V, 20% X5R","Capacitor (Semiconductor SIM Model)","C17","CAPC1608N","Cap Semi","1"
"RSA5M","Tranzorb","D10, D11","SOD123/X.85","Tranzorb","2"
"RCLAMP0502B","2-channel ESD/CDE protection device for 5V devices","D12, D13","SOT-523","RCLAMP0502B","2"
"WHITE 0402","Green R/A LED, 0603 package","D14, D15, D16, D17","CD1005-0402","LED2","4"
"HRS FH34SRJ-30S-0.5SH(99)","Header, 30-Pin","P10","HRS_FH34SRJ-30S-0.5SH","Header 30","1"
"AUK USB-1X04-SR-BK-S-H","Header, 4-Pin","P11, P12","USB_TYPEA_TH_SINGLE","Header 4","2"
"JST B2B-EH-A","Header, 2-Pin","P13, P15, P16","JST_B2B_EH_A","Header 2","3"
"Header 8","Header, 8-Pin","P14","HDR1X8","Header 8","1"
"JST B3B-EH-A","Header, 3-Pin","P17","JST_B3B_EH_A","Header 3","1"
"Header 4","Header, 4-Pin","P18, P19","HDR1X4","Header 4","2"
"2N7002W","N-Channel MOSFET","Q10","SOT323-3AN","MOSFET-N","1"
"1k, 1%","Resistor","R10, R11, R15, R17","RESC1608N","Res1","4"
"10k, 1%","Resistor","R12, R13, R16","RESC1608N","Res1","3"
"0 ohm (DNP)","Resistor","R14","RESC1608N","Res1","1"
"PTS635-V-L-31","PTS635-V-L-31","SW10, SW11","PTS635-V-X-31","SW-PB","2"
"RT9706","IC LIN SW W/FLAG 500MA 2.0-5.5V SOT23-5","U10","SOT23-5AN","RT9706","1"
